"","NM_002996.3_psr1_at","NM_012243.1_psr1_s_at","NM_001005915.1_psr1_at","NM_178155.1_psr1_a_at","NM_005623.2_psr1_at","NM_145793.2_psr1_at","NM_001826.1_psr1_s_at","NM_003741.2_psr1_at","NM_000875.3_psr1_at","NM_014216.3_psr1_at","NM_004776.3_psr1_at","NM_006016.3_psr1_a_at","NM_002300.4_psr1_x_at","NM_000127.2_psr1_at","NM_020692.1_psr1_at","NM_002794.3_psr1_s_at","NM_004569.3_psr1_at","NM_003774.3_psr1_at","NM_004315.3_psr1_x_at","NM_032047.4_psr1_at","NM_153603.1_psr1_at","NM_020998.2_psr1_x_at","NM_004864.2_psr1_s_at","NM_015892.2_psr1_at","NM_003360.2_psr1_s_at","NM_006456.1_psr1_at","NM_002988.2_psr1_at","NM_207585.1_psr1_s_at","NM_004315.3_psr1_at","NM_018656.2_psr1_at","NM_004267.3_psr1_at","NM_001005.3_psr1_at","uc003qxn.1_psr1_at","NM_017436.4_psr1_x_at","uc001xir.1_psr1_s_at","NM_002966.2_psr1_at","NM_001010887.2_psr1_at","NM_001005.3_psr1_x_at","NM_030753.3_psr1_at","NM_018389.3_psr1_at","NM_004273.2_psr1_at","NM_001982.2_psr1_s_at","NM_002115.1_psr1_s_at","NM_017515.3_psr1_s_at","NM_198845.2_psr1_a_at","uc001lsz.1_psr1_at","NM_058244.2_psr1_at","NM_007050.5_psr1_at","NM_001097641.1_psr1_x_at","NM_198516.1_psr1_at","NM_002090.2_psr1_at","uc001rln.1_psr1_s_at","NM_001719.1_psr1_at","NM_020998.2_psr1_s_at","NM_001011551.1_psr1_at","NM_025181.2_psr1_s_at","uc002xyc.1_psr1_a_at","NM_002982.3_psr1_at","NM_003012.3_psr1_at","NM_007210.3_psr1_s_at","NM_032834.3_psr1_at","uc002nyz.1_psr1_a_at","NM_003396.1_psr1_at","NM_020327.2_psr1_x_at","NM_017540.3_psr1_a_at","NM_198540.2_psr1_at","NM_003134.4_psr1_at","NM_002361.2_psr1_x_at","NM_005408.2_psr1_at","NM_207584.1_psr1_s_at","NM_001565.2_psr1_at","NM_006416.3_psr1_s_at","NM_005430.2_psr1_at","NM_005117.2_psr1_at","NM_024572.2_psr1_s_at","NM_001559.2_psr1_at","NM_004302.3_psr1_at","NM_003738.3_psr1_at","NM_003904.3_psr1_at","NM_015650.2_psr1_s_at","NM_002361.2_psr1_a_at","NM_005548.1_psr1_s_at","NM_017617.3_psr1_at","NM_025208.4_psr1_at","NM_173216.1_psr1_at","NM_000979.2_at","NM_014398.3_psr1_at","NM_023068.3_psr1_s_at","NM_024533.3_psr1_x_at","NM_001203.1_psr1_at","NM_001097641.1_psr1_at","NM_017423.2_psr1_at","NM_018413.3_psr1_s_at","NM_002406.2_psr1_at","NM_004854.3_psr1_at","NM_004158.2_at","NM_003507.1_psr1_at","NM_006419.1_psr1_at","NM_021615.4_psr1_a_at","NM_005631.3_psr1_at","NM_002184.2_psr1_s_at","NM_004112.2_psr1_a_at","NM_002033.2_psr1_at","NM_000584.2_psr1_x_at","NM_003359.2_psr1_at","NM_000584.2_psr1_at","NM_002633.2_psr1_at","NM_003034.3_psr1_at","NM_000597.2_psr1_s_at","NM_024944.2_psr1_a_at","NM_172236.1_psr1_at","NM_005524.2_psr1_at","NM_007357.1_psr1_at","NM_024105.3_psr1_at","uc003lvg.1_psr1_at","NM_003564.1_psr1_at","NM_004515.2_psr1_s_at","NM_006122.2_psr1_s_at","NM_003994.4_psr1_at","NM_172174.1_psr1_at","NM_002435.1_psr1_a_at","NM_000201.2_psr1_at","NM_001054.2_psr1_x_at","uc002jjf.1_psr1_s_at","NM_001040168.1_psr1_a_at","NM_000021.2_psr1_a_at","response"
"GSM801843_JB_072310_CELTYP_63EstroRecepPOSTumor9_Glyco_v4_Hs.CEL.gz",6.21523851539265,6.59640211127311,7.3416443551058,8.5742841687828,6.98578908371134,8.34530222604751,10.2840333041917,8.37715768191986,8.048099804867,8.93448838422205,7.08654000157006,11.0408375256693,10.9409537055289,8.02325915196859,6.21487331692525,9.7330617781597,7.33165657841342,5.79593479509113,9.95966407561938,7.31525617739595,7.08610482738742,7.48784671860257,7.96486065176307,8.16637940705776,4.78770496677166,11.008536295832,4.97473052021796,7.71470724988803,8.73748612543465,8.6635784214933,6.07529260008272,12.5771354173707,5.07742895756559,6.66957475947546,6.80944763413952,10.3992301618954,3.45709618034218,12.4990031994138,5.30870054747042,6.55871829801441,6.08779038374611,9.83289689079468,5.92211516257621,5.8149641701491,4.05596887418006,5.9576241750903,4.66239259777607,6.96311391869564,4.543710177269,7.1529886386547,3.57872943228078,4.89225892617047,4.73528348686338,5.94200568027059,6.11697808538091,7.45696327145016,5.55021923431049,7.42786916208858,7.62098236247332,8.64417424485689,4.96376611484106,4.82017055927206,5.19058201458607,4.47508217759784,6.8843360120874,6.15380925358139,10.3973511877885,4.48734198072724,5.08355805130503,4.56150271383809,9.10916822644871,10.427399814787,5.57505779791414,4.62345397105388,5.25878532161306,3.57116205888935,7.87426946679295,5.18452372130497,8.28769407244952,4.55429929852429,5.7700781607915,9.36167960555765,6.10612514465598,7.82364169851378,8.11632349477025,12.5101091587257,6.29179672580809,6.98873142993815,5.99493118173917,8.33791223159758,5.03801642515622,10.0325100470565,5.3309995080007,8.31405425117137,7.5241624038313,6.53795549808057,6.47259202351653,6.21258975684442,3.88178247908135,6.09389334822097,4.16579596868646,4.66395677815916,5.83134150835182,6.39493478179345,7.63637813139094,4.2924983484788,9.11268061420036,3.91321728939512,9.61086212531956,4.60333185957346,4.52095850076877,9.04010224349422,8.60131046317864,6.45015851525661,5.85783516999163,10.5285188902957,10.0359740587026,5.39731018928675,9.0781289818748,4.74595356668416,7.73667938878493,6.97841466095863,6.23138155133121,6.07134944687511,5.83422272679881,8.85403486803343,"ERPOS"
"GSM801844_JB_072310_CELTYP_72EstroRecepPOSTumor8_Glyco_v4_Hs.CEL.gz",5.80620551481778,6.47452758066828,7.51533229118881,8.1392851305686,6.45850465777298,7.49817222108866,10.1284439513026,8.51563544160545,7.60045748979782,9.00008435488893,7.00332686090907,10.5536757471235,10.7692436677391,8.08355804061582,6.42708823882469,9.63385294191557,6.96503160239427,5.15468258100981,9.53315906454924,7.34058513829534,6.84478150391011,7.59085082764646,7.84779509115688,8.01614904003691,4.94834640276385,10.7012411922119,5.37264182182013,7.91476523941744,7.64066409854372,8.4801573184348,5.8910751751633,12.508718968481,5.06310305796408,6.90888410850439,6.34161834983977,10.4386038941211,3.62730744641269,12.5299157634985,5.59905126939784,6.59050578757626,6.18268647806661,9.5833778357033,6.028452590599,5.82391065217785,4.04367027189224,5.71690793939156,5.02227720223901,6.96539129617605,4.69775730841019,7.38180400775993,3.85657822262348,4.97150767312305,4.65425751958192,5.8440687393133,5.81242519514943,6.90337890999092,5.7948972791702,7.14518329535217,7.54563402546312,8.62455017289781,4.92951902183411,4.96222178431571,5.29088295809815,4.26442957666679,6.64290495547704,6.481326831045,9.56044977755617,4.67759613383858,4.83117635406806,4.34565076398054,8.70034637466653,10.1868855405119,5.50075527283915,4.7603858665136,5.40884517651564,3.96124250053665,7.6093792639629,5.14252633566783,8.15381556690078,4.60871393908516,6.08290151038157,9.22415878782371,6.54739704715772,7.29150702008894,7.93092241616968,12.5492588506015,6.14474962967833,6.91199275434169,6.34829088043147,8.11439970487432,4.89663152383551,9.61050981198176,5.01361343867382,8.40954560543401,7.46022766545841,6.63971896167289,6.4045382645311,5.79749058981269,4.30248404926596,6.28471761093699,4.44839878305666,5.06222918754193,6.00246196891696,6.0015780565308,6.90204986474697,3.85365550243703,8.90850204419266,4.36075373415206,9.70664507058513,4.65961888403797,4.72885707801955,8.89353093685779,8.55558122276151,6.67210432241423,5.80296236867897,10.6767737371377,9.89879827772623,5.73628971813774,8.78225480422349,4.94887217638766,7.82920502993695,6.95611172644616,6.41213617546309,5.95523622108254,6.1003244174956,8.76172513894384,"ERPOS"
"GSM801845_JB_072310_CELTYP_69EstroRecepPOSTumor7_Glyco_v4_Hs.CEL.gz",7.83255707067051,6.13354890444376,6.94431536231804,8.25111133827921,7.14737569533808,9.07082893393054,10.0975326036644,7.23479290506209,6.99017156393094,8.44072404278103,7.81267800589776,10.6726205244907,10.3128875135542,7.92035710573802,6.8940818595754,9.92679148863337,5.95728510496963,5.072490685904,8.59098350075702,5.91110271310653,6.89507578375182,6.77856053513353,8.31762918367549,8.13759392242165,5.03958005153754,8.61893986109449,6.52377028262053,8.14829428632102,7.35636380037599,7.96474177086068,6.26177787737673,12.176419706631,5.11932254142595,6.62168586225219,6.76626070022532,11.1421216047753,3.43408835410189,12.103435107339,5.05344853384003,6.94287949651779,6.51803507636984,10.0275645894734,6.07000997061337,6.25646329295369,4.21596555786915,5.61449791117976,4.5359258609184,5.1509168684684,5.06964351530296,6.12527707379282,3.78095201303175,4.00642075315835,5.23052134902376,5.0501116345772,5.99887499152845,7.38698905483911,5.74849913689807,8.08152964232942,10.1643156262805,9.99340529926868,4.2118518100571,4.80967350802362,5.25246321937334,4.40114482309115,7.08020246576388,5.93083295164776,9.19347213277742,4.58385821227915,5.37665115067554,5.11999269724053,9.37210523621028,10.1889501315073,5.70521734579878,4.62324204104332,5.84450320487178,4.03984442805972,7.66330297348883,5.36706290477695,7.76516507536645,4.48709780891826,5.86905390010079,9.77091228674587,7.17811126297969,7.27157308633705,8.81307991124372,12.6388088722258,8.72357407430388,7.73549383422817,6.09307722722449,3.38629814518762,5.42107421413983,9.21270051607538,5.59302961541719,8.60343735672716,6.12269113709345,6.55181454433731,8.02045781565105,9.10763281390941,4.0742077837696,6.63577372457076,3.44700842769174,5.08776619408695,5.90144895270731,5.06064340893618,7.96760910795589,3.09150780429481,8.00793306432772,4.25632572386859,9.17744502115385,5.25366037254091,4.29930470250444,9.51998075761439,8.06986138343709,6.2897457731484,5.83584930809407,10.6964385361199,10.4109550640936,5.10726456052206,8.2758844289398,4.75609208559128,6.82392275593311,7.34736205582897,6.10642732576206,5.92413118518002,5.09650074968967,8.76776756686774,"ERPOS"
"GSM801846_JB_072310_CELTYP_13EstroRecepPOSTumor6_Glyco_v4_Hs.CEL.gz",6.97421248960243,7.11800977253796,7.36105208589427,7.88876716444,5.50860458203529,7.75786743066282,9.46573654658998,6.31008063279104,9.28007391257438,8.12336418114877,7.32490988468058,11.0763221818494,9.92617501144871,7.28151005260093,6.37281358386932,9.44814289225643,6.42720913989986,4.862759207514,9.59136517379125,5.69616897706704,7.20070408089611,7.42918708146802,7.61686644681622,8.13440938443584,5.08652530841345,8.20430083384386,7.3340479086317,8.17983250977138,8.2935522804749,8.60602073883935,5.79066755592022,12.5202434645227,5.04521981031618,6.47576511566515,6.34309134430883,10.4531931200381,3.872626491021,12.4549157157733,5.45081851622053,6.94061062911833,6.54041530470963,10.8185718658087,5.96894537491658,6.2713394474424,4.06770295119298,5.54188484701931,4.64967735600091,5.64155503128974,4.71501006234304,6.18111447339624,3.64365030021723,4.36006864561216,4.8546032872083,6.15675067849645,6.05728408717956,7.51978473358616,5.56363656762937,6.25223187135494,9.98825561726789,9.32168224233492,4.54830559486123,4.88485046540865,5.24099152709703,4.65956476084361,7.07058420424762,6.04866649578645,9.75607303197785,4.53912330008384,5.19615580696126,4.90127655737119,5.81452157358732,9.44334470566154,5.76645580461889,4.72238080615207,5.05565956427558,3.77367462484308,8.24373104244339,5.39748808436136,7.62474681478215,4.59100994565881,5.83348266445859,9.7745821811075,6.82322443458077,8.58642066929923,8.2963978297474,12.4757526898963,5.77701516185423,6.53975520010418,6.18774963847869,7.59636802302139,5.24008950466226,8.97639774729388,4.53784697317674,8.44551388425067,6.84136287843272,6.67980556788541,8.01207347819784,4.74495122076614,4.05304504736002,6.14223464285272,4.89720991653967,5.70936894776962,6.13423059028696,5.34255918047552,7.37649625921959,3.19958770542779,9.0241290473884,3.88812637553718,10.1357181376201,4.9372292594531,4.8516434675047,10.1399732743457,8.47935313828761,6.4923329161942,5.97252043832715,10.3378313032707,10.0740199666584,5.96361178919791,8.46060790877475,4.60074217767501,7.58137549491293,6.64258230261694,6.51636617502705,6.45213831823087,4.93324091895171,8.40606227338459,"ERPOS"
"GSM801847_JB_072310_CELTYP_15EstroRecepPOSTumor5_Glyco_v4_Hs.CEL.gz",7.05042699900767,5.80278886565236,6.73383349161923,7.44653040578086,7.90058033933974,8.99242113401663,10.5344855984088,6.05413745160341,7.76432591781406,8.42563851685212,7.75942088240165,9.87833145009905,10.9638532664713,7.92757029180798,6.34450830505132,10.1772611860028,6.02369438436767,4.4137810430444,9.363695329911,6.19233197771952,6.81739260638838,6.51100460756277,7.62179605321868,7.84614089905612,4.80306000536029,8.77241731647931,8.18537613854838,8.79291611219853,8.19036830646053,8.28766130513216,6.73684637930471,12.508718968481,4.99499386113756,6.57827838544162,5.88254284410719,10.9082189247165,3.22463931057088,12.4333158064882,5.38859311606658,6.94214493738105,6.49129754856507,9.01908828947019,6.66434916832489,6.66933980150785,4.00403147454465,5.5775457941564,4.58023002896826,5.15955209453771,4.84647088400024,6.44233091889378,3.81595071701162,4.66553511854924,4.63421455465323,4.85772952984386,5.93658952080329,6.38558436004554,5.5815417140078,8.3508647865006,7.98371773870988,8.07661834452606,4.67265344045423,4.77540068924996,5.11800932651208,4.45470064445179,6.38558436004554,5.8610656869565,9.34848467381468,4.47871237987288,6.02823187961468,5.36337966950652,10.3172012507525,9.51131728430017,5.61074754609243,4.63947973652994,5.73425138500258,4.6474016528066,7.61002201015223,5.24234572324447,8.15907571891768,4.51576483752575,5.9855319044756,10.0518739417215,7.49704110067455,7.06115312326744,9.3359347795889,12.654863114134,8.70253387670516,7.86495378879374,5.9445221745613,6.06111367718706,5.10923954143879,8.67613758453655,6.32669896406816,8.85570261928978,6.73550218220903,6.4118861066118,7.00619586969864,9.65513217630964,4.14312561232138,5.91733080662498,3.40907552712452,4.9887846298852,6.66986882027072,4.65511305520111,6.64502196952636,2.75371969851942,8.48996809720573,5.04749598594618,8.42774502843724,4.52326037931494,4.44478811641682,7.17954729846677,7.96200940125677,6.23989881670588,5.75371096963126,11.0485026555798,10.2517706005475,5.48015034147598,7.00259481300748,5.65835645158721,7.42490905079227,8.10372796026344,6.11677477751374,6.49711705992893,5.22927518086235,8.48742010800033,"ERPOS"
"GSM801848_JB_072310_CELTYP_14EstroRecepPOSTumor4_Glyco_v4_Hs.CEL.gz",6.65547771611929,6.17206068430361,6.88868127758407,8.8436860675079,5.92922756066117,4.72577577756083,9.79672631241436,7.7004947430867,7.52643071009513,8.78146488385548,7.62900602015733,10.7019402850131,9.63353477235642,8.34941446073518,7.20192272855097,9.43326584581496,6.41124479008015,4.25592087715427,9.33801436879293,6.23350033419722,7.93137577168264,7.18858678022744,7.15964236509781,8.30306855135466,4.6858539177093,8.22128195039104,5.25186315920005,7.95494297214257,7.91338353491091,9.09353137920329,5.61365877390417,12.2578195948144,5.04430928436213,6.69027895109551,7.46858753858763,11.8074474553063,3.27952366266804,12.1543564002717,5.42501975932054,6.70077188772838,7.08368821928458,10.1499719248124,5.89802203159931,6.19827773075478,4.08958713357556,5.66953543307665,4.58023002896826,4.82008604201864,4.66290401197082,6.70215988070489,3.685990989891,4.5430738456005,5.57141056922308,5.5180425010983,6.00748129420946,7.11267558460559,5.84556013492804,6.92506150136194,8.46061232451792,6.47300009128188,4.45175613204615,4.77986106426401,5.3078803218667,4.42696462266015,7.75227282136476,6.03697678901804,9.73750720214751,4.47871237987288,5.03456966762458,4.62770856762223,7.009206194657,9.53732092024913,5.57505779791414,4.62741387130889,4.98147249613178,3.82536538712828,8.17599198200008,5.38522457137588,7.34451847490923,4.73712176001838,5.85827266418324,9.41898490683919,7.40396651910335,7.86043711165754,8.51954188777726,12.4583013921678,6.31508921925061,7.0582918455712,5.97554714303975,3.68495239922271,5.2362711132609,9.03904577981747,5.16328831828038,8.5574847938563,7.15594856816812,6.67150078286484,8.07785701324488,4.22313947006664,4.43995511744637,6.94806963902544,3.84257978984295,5.05979753154674,6.34995376559854,4.93255901181281,7.82018822474443,2.83388684392363,8.86084631954943,3.83872343904284,11.2688729367947,4.59378727202952,4.41765190180928,8.70669186805521,8.77469487224871,6.45428457802618,6.75493697380819,11.3243158430192,10.3738833280932,5.45528417387111,7.27988198317705,4.62373052870749,7.47073160546723,6.99337102332395,6.98163291683626,6.06517712407075,5.16822693677376,8.81414734324249,"ERPOS"
"GSM801849_JB_072310_CELTYP_53EstroRecepPOSTumor3_Glyco_v4_Hs.CEL.gz",6.6864027083562,6.9421471914313,6.82467464962628,9.19130831173986,5.72479840648435,7.13311182128514,9.7325752648222,6.13098388125864,9.30010512514142,9.16768500780176,7.80148333275329,10.7259069173575,9.38148861758163,8.27675391773495,6.21487331692525,9.98437150808578,6.04225666404007,4.74055818779407,8.63465904904762,5.96959804826175,7.7093245254377,7.19876764685917,6.48828761101661,8.51109177342597,5.13490604505941,8.69879560442697,5.26583214307636,8.02850774057194,7.22942917635939,8.41555889256506,5.82120941284764,12.3839623737501,5.1071635803454,6.57595955985738,7.9728336429986,10.9138882654371,3.67758596105289,12.3173284452665,5.78742683066788,6.98229722799935,6.84333418741013,10.1776686639286,6.17869977332353,7.09364608908037,4.25530412326201,5.59451239505798,4.92591946380025,6.65261390915888,4.74924701162218,6.63073634691842,3.69893504968065,4.30684194757779,5.22261563542145,5.92020688961272,5.68890420019957,6.94043111993756,5.74070125539254,6.08035172054037,6.73149005514367,9.90625538580677,4.60298797427916,4.78197854378424,5.3234263381986,4.63184682138057,6.52558622347162,6.33246280130579,9.71015087305684,4.60987445104651,4.99143171718967,4.71764604622964,6.25848246271311,9.72946021301444,5.63744908422315,4.8468318671667,5.21161798455283,3.7163381196323,9.10296531256584,5.6479261263211,7.63009323177377,4.90117222950018,6.01718273988626,9.54435357565016,7.18981979932117,7.69927265089641,6.55627306030612,12.3969054739072,4.69893354011634,7.22702249919991,6.08903573234804,3.71115701933083,5.29467071322852,9.25482757366853,5.34439390078354,8.42486393881988,7.82091587970768,6.85056550415508,7.77090863255021,3.80556486368031,4.42217333376637,6.16186500327124,3.55102020352188,5.10990100539675,5.62050703229076,5.53177546096981,7.77111698894096,3.37584083532972,9.35967692886888,4.03669478746352,10.401802858485,4.91410048965674,4.80070301166933,9.06976855015721,8.63787728979969,7.09057742086487,5.54288410637674,10.7088171931521,10.0559309434339,5.80848784926478,8.24626204153849,4.16397229240921,8.20003971806118,6.43884110086765,6.73004954489738,7.24232213779759,5.52893737343847,8.88993836819365,"ERPOS"
"GSM801850_JB_072310_CELTYP_76EstroRecepPOSTumor2_Glyco_v4_Hs.CEL.gz",6.8357653361896,6.78641762712361,7.21224347012396,7.63335778569715,5.71827210115251,3.8881016503283,10.5219397051857,7.47862171709498,6.06120912968982,9.12049108619897,7.6640004888633,11.2148334329451,9.42891244203039,8.56278445515219,7.75325288746297,10.5390049605383,6.2851326018552,4.29948455203643,8.89853600523978,4.89616117458345,7.12834662058155,7.58286075448663,8.72843994438363,8.47631615290374,4.87477682448623,10.0937708282569,4.47480894882658,7.57009520996201,7.55227939382532,8.66312846523824,5.47276207365613,12.5156999896177,5.21167108887836,6.43324503929225,5.5070293876389,8.68881614336781,3.97635231410335,12.3883086397527,5.43804634397733,6.75924161110709,6.78428129931851,10.4239766589572,6.03830996201102,5.47234180786293,4.2827163088965,5.75342529222281,4.93722061511881,4.99118719259564,5.06964351530296,5.89936357697931,4.22647274940656,4.20945102336067,4.99450196685667,6.18984425143954,5.70566436647456,6.37764088957196,5.80447524857198,5.19849616874632,6.39408192663063,10.5691680380425,4.79654844299652,4.91241423690899,5.34249692054312,4.85737997958667,8.36647438971338,6.1101239164292,8.91270684211585,4.79136507418461,5.05339613945154,4.37934426855978,8.30846157411523,10.9598604118911,5.90171001515457,5.06863549953301,5.25734971890586,4.26580930273545,8.77200396207629,5.5845297960498,8.52834204671648,4.75088660755752,6.06593552853136,10.4577355857298,6.75069835831724,6.81743133208141,7.8347121224804,12.5954947153794,5.12115839541671,6.44836482600817,6.72252549181703,3.66721098340393,5.51862047671199,10.044979596922,4.41276796700923,8.56370078357149,7.04490958725909,6.77092339383155,5.94820970089054,5.89859457354163,4.33404707915976,5.82459870615261,3.32980656839871,5.83363087748052,5.85167068691657,5.25668672754727,6.56798499636118,3.03529935102157,9.1383103954073,4.02747018690299,9.09643726508998,6.81854438200994,5.0109432341144,9.60881651572182,8.57973494856984,6.92896912856271,7.19099675178607,10.390045180419,10.7672070777629,5.26700823103239,9.35047542817971,4.93201817102244,7.78327736241289,7.14559600339235,6.89578906274389,6.77155718982591,5.3492113197124,8.94777139016906,"ERPOS"
"GSM801851_JB_072310_CELTYP_16EstroRecepPOSTumor1_Glyco_v4_Hs.CEL.gz",7.7001139974204,8.03952445518877,7.61360529973666,8.07678860210345,5.71894339769851,9.94732108284462,10.4638192180755,8.05726729562788,7.6662484514864,8.68008103780587,7.52246560787404,10.2118556117326,10.3727672059012,8.48314077323554,6.97900278939077,9.57466772653892,5.95379928001867,5.09966142489413,8.64452390200821,5.10520956852801,8.05811520131463,7.00167308743728,7.06973517379048,7.79971317286038,5.09600915353465,8.46095408459725,6.48464976777535,7.28384541632832,7.51080551126415,8.80425946649583,5.68867647796456,12.2474061044371,5.20041678077196,6.87443869624373,6.73350264877364,11.428783645019,3.45347267344047,12.096596539811,5.73437835718913,7.00041609563715,5.79362857555926,10.3438758049499,6.15302540474271,5.46957711583645,4.29981673571666,5.98333144238342,4.94061042054087,7.03641314059444,4.96108537782906,6.1509802488112,4.30107543782085,5.19311212562469,5.1384276747379,5.19266811206706,5.49538944987107,6.40071926187823,5.782456073579,6.10390873451935,6.70296141423399,9.20657224947836,5.117370674669,5.14837382574407,5.49831999321659,4.76119097875555,6.98478061307677,6.3139764205081,10.1339242225587,5.01554817969034,5.48390260754349,3.99046682226048,7.58648447154533,8.94429794735043,5.85046359464009,4.72473268207708,4.88459999408927,3.55382872380666,8.5797979496469,5.71173141106558,7.66060285640799,4.69291411798319,6.41745108334054,10.0404406083653,6.90013609067644,5.33009753717993,6.8622348102836,12.6986191543578,5.58387910774439,7.34252463920964,6.27226765020961,5.02654031122693,5.34104017276434,7.54290476255963,4.91917288639419,8.25949272980237,6.68691979601971,7.0050406816386,7.25855586507726,5.0062261497534,4.39100641371539,6.64204720945796,3.49622898752399,4.7467855090542,5.66348853074251,5.74195397308629,8.86457432631707,3.58582883458444,9.02362343107876,3.93242769134054,9.54986220831727,4.62212850190392,4.68569853646833,9.69248006395566,8.81851887415736,6.8312644008688,5.83924061491449,11.4588641500768,10.3896302524918,5.16575820449099,8.345619462234,4.61139734629329,7.71908643557888,8.17133104227859,6.44563160696191,6.07134944687511,6.03002162256609,9.15004988766152,"ERPOS"
"GSM801852_JB_072310_CELTYP_20EstroRecepNEGTumor10_Glyco_v4_Hs.CEL.gz",7.2579241260302,5.29557049471425,6.167113944798,6.94220342479009,9.58869049581028,4.39179344833829,10.4514839546901,5.6387076661661,5.40075584363464,7.78643645212932,7.65598024041853,9.9357054922268,12.0517690476636,8.87533047341947,6.00772757919824,10.5763403414119,5.4839461939202,4.38006527081247,8.50359490958947,8.41435478914103,7.19741544767512,7.14970790943863,5.39410530483179,7.17886224373224,5.44747217624191,5.44498922093727,9.98588453101541,9.06552573139587,7.14640384278959,7.8890912260491,6.43723940713427,12.8097908317393,4.79971049784199,6.29086634591291,5.23701557123043,10.7648412813897,3.16340565895904,12.7931852151799,5.06310461028156,6.91492063450536,6.89198754680688,7.76770867341318,7.31945080300237,6.91034258702554,3.96622469694999,5.52442947205694,4.58327295137996,4.96559014700397,4.77411655550326,7.54516895362652,5.12646580245952,4.2869646949708,6.26307559061087,6.0780176958187,5.64045139305783,6.50378954333445,6.0420538567098,8.4722029333364,10.9663935987033,7.12904244351326,4.80224240114764,4.83641447845589,5.02938742945617,4.39159554983658,5.38435908208787,5.62201563488138,9.07816047524499,4.30269803436631,7.64117091677107,5.36733326832896,11.6513248106804,9.29909318016791,5.41866087402768,4.50708294729127,6.83835110914758,6.69634479151708,7.20028918444821,5.04136046265209,8.30308144184266,4.43523287710127,5.71532281507286,9.98779211672456,7.13443319974099,5.89857085590542,9.71552595045432,12.6318393368412,9.03120752544078,8.43244842057331,6.04585843586632,3.86174812296456,5.17493802761447,7.63798571155481,6.16270768041317,8.58977555078781,6.68691979601971,6.38233879428254,9.15584745684133,9.97798373432062,4.30602567129593,7.90136246507581,3.3919250434759,5.39900874514501,7.53584162886327,5.07869222529411,6.77007658310055,3.19186820478086,9.08425519529166,4.96945343472211,5.7838705114839,5.25558540767452,4.71062250024239,6.93395687709079,7.97497391873188,6.16558027277235,5.37928932379347,10.4965634092296,10.3738833280932,5.26193364980229,7.89182584107335,5.66611962755584,6.98736619198653,8.41477817987474,6.01428134607398,6.06329601612684,4.9134314283077,8.06244359206189,"ERNEG"
"GSM801853_JB_072310_CELTYP_61EstroRecepNEGTumor7_Glyco_v4_Hs.CEL.gz",8.94900139238176,5.30478367488582,6.24401583817362,6.7698033843279,8.3501219611144,3.90183263494025,11.3494961591821,5.83519149945712,6.90882306819156,7.92760565226225,7.81267800589776,9.82757897363957,11.399329689843,9.17217334877376,5.91839825118149,10.7233331423169,5.56117627469471,3.81332204869732,7.96881760280695,8.08779342369378,6.3677102389209,6.73330686888497,5.98029708654465,7.82444092690142,5.7956103671964,6.89947161836352,5.92919288961555,8.6791665548365,6.74045100566127,7.39857425710865,6.9366749889288,12.6455100784677,4.85834374282511,6.45090575575403,5.69670220940399,12.1881939341769,3.08232496793735,12.6161852343362,5.26791649286699,6.9702415849362,8.7207392709563,8.19697189825083,6.18706806953181,7.27406812423183,3.94138330757622,5.41333331004501,4.3006272545567,4.69795975258437,5.18448717696099,6.90535141660923,3.75891555549903,3.99170756637908,6.24066903604237,5.19454020171157,5.30708954626,6.21964386389043,5.86919240895827,8.3154043486258,10.5081401162335,6.26818898320066,4.12035603699352,4.51460110062843,5.06497799580367,4.15758003274182,6.5532314020158,5.78766514391047,8.75269794148064,4.22777409990249,6.11005422664816,5.33288465767393,9.60687015400232,8.89261157001281,5.42515178066824,4.36356646539341,5.76298989945783,5.79122661009841,6.98892378024174,5.10109810692327,8.33455380682555,4.51297214641362,5.78766514391047,10.4458859488225,8.20987537859052,7.34300811349154,8.24411122788739,12.5011423079004,8.22564442683222,7.80249943042061,5.67471109537762,3.54123901000402,5.57011096139611,7.19878245248111,6.01768113551071,9.24275727685495,6.99494997463693,6.41490711312621,9.89326876566071,7.75855516318839,5.23111022323662,7.47236829735218,3.10866075486452,6.1420147266994,6.49935110018087,6.14064109388598,7.22516492229248,3.96485642722858,9.87341521488931,5.04262440731035,9.23986155869815,6.49557363875885,4.32496117954494,8.78515790176458,8.52635521129351,6.0937365558335,5.65383906856324,11.1070250418759,10.9680545663056,5.47283758984352,7.53638164412615,4.75899386960542,7.26070128297398,7.18447806358276,5.94198567210922,5.93607996190229,5.17384128722367,8.09980094455403,"ERNEG"
"GSM801854_JB_072310_CELTYP_44EstroRecepNEGTumor8_Glyco_v4_Hs.CEL.gz",9.46014978518444,6.22401633166241,7.07559085414709,7.2204792088737,7.11706550656814,3.91894867310942,10.2417280139038,6.18597628054767,5.93377737095339,8.18649390566763,8.40045138447168,10.5264513020615,11.8803695088124,8.57527898947003,6.31676390440433,10.2111188992023,5.75424529184865,4.57600281774884,8.67587698096014,6.58126307219195,6.78165917930362,6.7473963165091,7.5331862794822,7.94029393344444,5.08583008747792,8.87928336186286,8.14151111155186,8.81106311027474,7.26102576272966,7.91581311971371,6.18750266442813,12.6920823025109,5.00919956570513,6.4082388779207,5.38633465816857,12.1824853729836,3.29416243678671,12.633944735316,4.75088660755752,7.3872595950772,6.77239057167049,9.90864372842127,6.42631855848556,7.14051011940587,4.04805512966857,5.60552185407182,4.63290138742651,4.83688552373756,6.12429278384998,7.05813442897523,4.40196533507257,4.3148873385071,6.59475861898986,4.75492802395966,5.502965182711,7.07048908514002,6.09799987822619,7.82549584213632,9.37953132209477,9.04837792530232,4.54213742404778,4.77644133224826,5.19058201458607,4.40724337779011,7.26319530187668,6.11943650688838,8.68727366667408,4.65545207850985,5.33871210706653,5.00073538478466,7.82892680658499,10.0968541116885,5.68338784395113,4.83786902433657,7.44313121002551,3.76616749804096,7.77436214827582,5.17462760871695,8.29608943087205,4.66838455995588,5.84453411375456,9.43788143977919,7.34021004909272,6.45256730728849,9.21837626877965,12.1029632578096,7.97408242247474,7.29586259388838,6.13152550708642,3.43618883221213,6.05881399439036,10.2668274193269,5.06674273782116,8.66091397453405,6.48172157139652,6.53989434911796,7.9371454736266,7.16983626601738,4.27751630422286,6.46121560547737,3.28025448214043,5.39900874514501,6.54809727176394,9.70744062064809,7.96975109256073,7.5438641153651,9.75076662037452,4.39564291457096,8.39863265101572,4.98850287517797,4.24895595990901,9.00853810925643,8.31374173053505,6.35762696476387,6.11159180058422,11.3750154651104,10.2856856788233,5.1381029504473,8.04296359122771,5.11459343687884,7.07986555568342,7.07921572090315,6.82394800943696,6.10574427519887,5.23858954277973,8.85749993002722,"ERNEG"
"GSM801855_JB_072310_CELTYP_47EstroRecepNEGTumor9_Glyco_v4_Hs.CEL.gz",8.15019834017993,5.59200341958982,6.3107163465117,7.1653113364519,8.87928402976747,5.70029576957835,11.4386877454164,5.66884901262237,6.39202441753018,8.30289646639144,8.16982573957213,10.2219500504276,12.6174881299547,9.02021200439567,5.86128171559657,10.2306895099092,6.18781447858238,4.30093019164228,8.85682500871022,8.62084142602774,6.7831595001517,6.47238328480068,5.39713537166083,6.9439851036374,6.20489937345799,7.96165908768636,10.297090144747,8.8190428996791,7.54671936716607,8.57332632849288,6.63343331527198,12.6115394045561,4.69967976023741,6.11513449884909,5.55406043797082,11.7966719718984,3.28322282919156,12.5860968723317,4.96572300357098,6.8733436818498,7.92143241593994,9.12666075082031,7.30693132730221,6.79967273919806,3.84581925924718,5.14998364905341,4.4202407894261,4.63973721232858,5.25359643633133,7.31417358861227,4.00607134248976,4.41615652421487,4.48799736801996,4.76269965247673,5.70566436647456,6.53240882217507,5.56239178830293,8.16016728226387,11.1430284878663,7.12213571169493,4.40797447181324,4.59237753512645,4.97067846193465,4.16094041036618,5.2747015506163,5.50728286540734,9.30360268344673,4.29969414131784,7.10288753903737,5.43432469681299,10.2615296295004,9.68169377296172,5.35045435432368,4.42045156429024,6.15602090286259,5.90582517785461,7.21801430436069,5.16863495827566,9.20593067998035,4.09767442514197,5.71974057280693,10.7908108196142,7.33811719196009,6.32342907305459,8.7139181344906,12.34152714518,7.65955236893095,7.47612940458854,5.77411417568505,3.72898513475553,5.43969351733619,7.58543266689611,6.51097848984242,8.88373948497996,6.51530496987181,6.21411571663498,8.19513935433321,9.29481571241702,4.71210036744736,6.64204720945796,3.4733887999443,5.89594936984182,6.76252738112697,6.10199113187464,6.69453143847044,3.77261510658806,10.2287544498336,4.80482443354973,10.1779812951948,6.33949450607352,4.48585651863863,8.2241974705774,7.84607044349908,6.70105662005081,5.23111810132958,11.2792215685428,11.3081165722634,4.6600294578721,7.15293637268916,5.18897306120915,7.51513976224659,7.68610830454333,5.79517416978128,5.47691747620621,4.74057241285278,9.19235306207751,"ERNEG"
"GSM801856_JB_072310_CELTYP_67EstroRecepNEGTumor6_Glyco_v4_Hs.CEL.gz",8.11193860704208,5.09870444079415,6.42183045756389,7.91243834595412,7.92346498056741,4.91565503224999,10.7961852693913,6.32814940049111,6.34447226012509,8.13828714651269,8.09409098022221,9.64019638530353,11.6361105677876,9.74452111737365,5.6828490110577,10.6138875380163,5.79210180115168,4.249285223757,7.70726643421324,8.63770929489227,6.48062616486652,6.42310175363005,5.66654502643954,8.05971981762975,4.9159447435916,7.88406493910556,9.07675496549506,8.99571398119609,6.39527820651449,7.57604772537372,7.00794706872865,12.5144557216871,4.74451948423,6.55805417955249,6.34216694392738,11.5373330063489,3.17765454860803,12.4554183263434,5.07308005573802,7.15380564868472,7.78990504811079,7.28857554461721,6.85154276679806,6.69681565747476,3.95012760439518,5.21046248630193,4.43188988315877,4.6066722707143,4.94540669272183,6.93717841997023,5.13827742081784,4.20945102336067,7.40732998569131,4.39703803250334,5.46675085185495,6.02330052130938,6.0920516190837,8.96455148680996,8.26495336489992,6.08593233838867,4.17619528587318,4.38016950424669,4.93142868199285,4.33403346455853,6.28144100029557,5.97118320022356,9.11776724193686,4.37031771880847,7.43412699977364,5.83901098262576,10.1159786977622,8.63061121487528,5.22984179603818,4.42218302626511,6.47039545115292,4.15552175081305,7.51223376154338,5.06914841425799,8.124215363697,4.22205614556186,5.74309741308096,10.0782609999035,7.3247628659064,6.28425457096983,9.45073768514888,12.4249719452588,9.12245020594889,8.69562359939414,6.00033700224517,3.31031176251143,5.14878262723502,7.38532604480538,6.49896389482116,9.0755613379421,6.16841782048241,6.24727964216936,7.76502403325226,9.94005632497549,4.90995255553043,6.71064297376545,3.36482759092491,5.50770847707819,6.44262671517568,9.40048529039647,7.0426212489721,7.25590921799577,8.70001444459561,4.10317945970835,8.1163851145598,5.73588901282374,4.20901012886541,8.07898806603446,7.96269964801894,5.82829743245105,5.50863613138151,10.9409537055289,10.1791105034981,5.26939739322002,9.16727724798041,5.69722459297505,6.78453522487689,7.66757217331049,5.94136569790228,5.9990043028197,4.85563723247162,8.50470347203893,"ERNEG"
"GSM801857_JB_072310_CELTYP_48EstroRecepNEGTumor5_Glyco_v4_Hs.CEL.gz",10.1219563293676,5.4159097089861,6.58474503461086,6.99965176394906,8.23692526803487,3.58394092217328,11.1476627856152,5.54830021196581,6.88782224972199,8.08223050682151,7.8722489473183,10.2076181556543,11.9842787203821,9.15958823899672,5.79125764367299,10.3811515265232,5.84933383441338,4.39054445241288,8.60508731257846,7.58802518466495,6.05684413496938,6.5212317862364,5.55044130488312,7.44376255253557,5.71021611213683,7.75955564685405,6.80977163156742,8.83772993172571,7.4467302832214,7.76501182552392,7.26657807436841,12.6676695429659,4.96093810753001,6.27118415286179,5.8823846688632,12.2792812382687,3.07515494841551,12.6074416758715,5.51166817425621,7.13500383183907,7.01059929220719,9.52256725779374,6.66044167876863,6.35186245827245,3.99595539539404,5.39300986945205,4.58023002896826,4.76436848782821,6.47079417907316,7.80545279070123,3.95825689372364,3.87362837259381,4.96480057137796,4.53449074185341,5.91992612021185,6.33854397805365,5.74210563293728,8.48871124723851,11.056956478566,7.36178454764678,4.27226273026806,4.71022754718206,5.06516036257355,4.37567476575848,5.69312782549836,5.58671445902003,8.86222792678457,4.45461922356446,5.08355805130503,5.22965273611583,10.7214130807276,8.60680750381337,5.48446537782243,4.59667920790766,6.50248980366362,4.59083884349371,6.76854715530929,5.26076302333842,8.0700755844988,4.52734068159864,5.83495157464884,10.7896223924908,7.40293391307815,7.21825967900161,9.61088582428401,12.0569916790915,7.98871732018172,7.24778348530154,5.8595354675294,3.33911500385021,6.8832959153754,8.19921643840039,5.8670383536892,8.89122860999485,6.39493452471993,6.3515844579948,7.71392715794994,8.74525327094097,4.39100641371539,6.84520532413559,3.3586765840984,5.55084314906485,7.03507553822268,7.19303334069237,6.11816909808925,5.45770755822687,10.4360033198071,5.02592099206557,7.39077909798619,6.95069038556872,4.29719752325328,7.67910657425963,8.61291568597719,6.09400940510129,5.47025689385557,11.5366470346372,11.1469633199922,5.22496903512935,6.93723492955528,5.70932306855487,7.59110648663588,8.01591720117126,5.70159518626789,5.88782073958456,5.07270309078359,8.14634356645033,"ERNEG"
"GSM801858_JB_072310_CELTYP_64EstroRecepNEGTumor4_Glyco_v4_Hs.CEL.gz",9.35483731697547,5.03771195046013,6.02975900523747,6.73055370803437,10.07092059604,4.20455294493529,10.5635684729531,6.09062857480494,6.47968338486592,7.64006189574842,8.43471640237005,9.88719692975992,10.87444839002,8.71239121747573,5.81148072800668,9.80496955115474,5.56497423622711,3.98410879738014,8.24939629686557,7.12411476780888,6.59612595741182,6.50877419545609,6.60496387482299,7.65025961977704,5.44036869759867,6.34416814424638,7.9708984803282,8.22828559213002,6.74957288679265,8.19585598183315,6.75876141310791,12.6536427959401,4.93693443231809,6.52733325979107,5.55735999414543,12.5336620329916,3.0453736276986,12.5954958305693,4.9754975346788,7.19308566274841,7.05281532533073,7.5979904279519,6.99422424397142,6.02065756578477,3.8582329637172,5.45817741441927,4.46576306842757,4.72039516163709,5.8321802965387,6.83685133494274,4.53622095251059,3.70721175096317,7.70332952157384,4.71707850413353,5.38378987304418,5.80089111600129,6.32530342645627,9.7177096990761,10.693162651676,6.14639794200022,3.99965528453686,4.51465325513268,5.22169511430699,4.24903276280512,6.34899396730042,6.06248769366019,9.18937510671606,4.32913773638436,7.59172924851952,5.04898753252153,10.9178210194496,8.99212345084781,5.51065309574163,4.42217333376637,4.9754975346788,4.25057608361397,7.28326907375827,5.2251142277093,8.31900239546644,4.33108820709542,5.62192052758582,10.2227671706226,9.13277017569575,5.38500909553212,7.9842106881586,12.5159599076809,6.7192351950989,8.90894172452298,5.84673697477752,3.43682529941586,6.34502148021107,6.79069578647571,6.59893555115934,9.17477856696475,6.58413415827316,6.55181454433731,8.53707183788779,8.02304999794861,4.49548225253189,7.25244806056198,3.1847594981178,6.53567257386962,6.8891619379807,7.69404315791229,6.32548695359876,5.46378249192114,8.96217382965746,5.42283461532944,9.75260677793321,6.10349250705967,4.24514544103718,8.15768078641733,7.35839709179344,6.0899873769982,5.46284841989425,11.2577191042228,10.8959555886744,5.29243179863055,6.49477904475321,5.33603885117311,7.5248599271022,8.71861333148973,6.10142994265032,5.61487845093777,4.95461119192006,8.35082989473874,"ERNEG"
"GSM801859_JB_072310_CELTYP_25EstroRecepNEGTumor3_Glyco_v4_Hs.CEL.gz",8.9839834048871,4.74735163295012,6.77288387768491,7.14479690905235,8.17459055677435,3.85256007038702,11.1532485102429,6.03564579405479,5.6956501837931,8.76004239250728,8.37654099566229,9.96465080700101,9.78050507099242,8.2171289565877,6.03388737867685,10.7539521558169,5.77910613059833,3.75228471205783,8.46447178811319,5.88637063166055,6.59318171497953,6.06849953641594,7.71024185156022,7.46501208801945,5.92529266179978,8.47948987719611,10.2309007434677,8.49169435793007,7.25695475433791,8.11868142910184,6.21050550919341,12.6036915851342,5.00582990094645,6.52733325979107,5.82661489526515,12.0502705658522,3.35358625065253,12.5710116891392,5.13187809938721,7.72653154708968,6.65384937156433,9.93408324275329,6.93644733104699,7.12463584903325,4.00290172619066,5.6395026322035,4.58023002896826,5.72771442297973,7.17250087242581,7.21064372659529,4.14964632779675,3.98134274229936,6.01540587037204,4.47104553400481,5.47854397338621,6.22135342758447,6.07888324330053,7.67385119607541,7.92992883792245,8.76792708080112,4.25854802715246,4.86161544547225,5.21674321429677,4.47508217759784,6.94846440442906,5.82298367158625,9.64047840709346,4.58436091776949,6.35704188800476,5.19310106252,9.02830245722254,8.2849090688468,5.541533045097,4.46616492325731,6.62002115698526,3.9644341986497,8.59104156415795,5.21701174192902,8.62055800724556,4.55429929852429,5.97652544944556,10.9226987690262,7.54935659950599,5.60893456274769,8.95882991685991,12.2825519291347,7.31592513188877,7.65115438940728,6.00033700224517,3.35989656696375,7.42372181312797,8.85360205827014,6.57368597727468,9.06863928912314,6.13516601277439,6.55711937032046,7.9070916803564,8.23912417427002,4.22243679428062,5.78186476993385,3.38344054451734,5.01510164202428,5.88402747886636,5.88723164548959,5.79315285250045,3.68232669652947,9.5742316970128,3.8105789134615,8.68987893955313,4.71366787912165,4.45003585200072,8.16766204358202,8.07753783698433,6.64405195901862,5.71597515939559,11.544095099872,10.473907572436,5.05945775701645,5.85114468115624,5.23749390876432,7.32435053730469,7.47052280916497,6.5017057385843,5.99015141377006,5.52026918093817,8.60507107389723,"ERNEG"
"GSM801860_JB_072310_CELTYP_57EstroRecepNEGTumor2_Glyco_v4_Hs.CEL.gz",9.60827233367147,5.18875800831632,6.01817314832588,6.77999850215748,7.77236704359035,4.53903030368361,11.0808203447197,6.03757655042204,5.98582411724873,8.09401762415532,8.53184302724026,9.74057699720461,11.9760434943756,8.42290486816286,6.19482825792665,10.6123915315078,5.19106750000662,3.96691204188155,8.54892392464977,8.5658180853748,6.23329763129547,6.48228627301348,6.53170055877147,6.68880297027048,5.46902835393022,6.22793987272852,6.87037577281026,8.55178938761922,7.18295240808746,7.80095268770263,6.23093493557543,12.7393460725698,4.98740373146808,6.41469663730266,5.93765406069846,12.0059120110042,3.40482173986564,12.6642331915269,5.16418203375689,7.35162234759431,7.26622702891893,8.59108345115852,6.07413921789265,7.49167119401743,4.07163553725198,5.43692297721236,4.58023002896826,4.85851719698321,5.83829445076889,6.97048682951266,4.78038121493826,4.13047794646618,6.90506735997584,4.83972237393245,5.13718852158432,5.7065409432981,6.22221053625167,7.84584869422181,8.67915587832827,7.86371966723012,4.37408793878979,4.68659143958636,5.19058201458607,4.25138126137664,6.03583948410252,5.99731910232289,9.22646972936989,4.3948585570992,5.9004990197675,4.8867403559757,10.3078964098607,8.94642948925784,5.57505779791414,4.51985224978595,5.14682400141832,5.26064013148917,7.31959667306777,5.26076302333842,8.47470179033853,4.47763776113814,5.7068982413116,10.5748939498137,7.42827501504642,5.98620672622819,9.41386243290981,12.1956464785314,9.05055979940281,8.31214903345622,5.86525609960203,3.44604702739712,5.90793240612606,7.39843715163115,5.74355877696998,8.58190794091344,6.61161876547307,6.52390912103105,8.93326165304192,8.97048071724489,4.50794979359925,7.23601628623782,3.53086879030504,5.85354336587828,6.84866473624221,5.35498249253109,5.89229245319812,3.11439210083109,9.39664805243457,4.73530782661295,8.19668205542297,6.40269784909293,4.53432930514213,8.58004452219624,8.05162450529669,6.02841769830372,5.55668427656433,11.6376031251158,10.2710986108471,5.2825931466452,6.78556471565681,5.37304628829164,7.10456094405171,8.53216538221947,5.91832751605934,6.17457059972983,5.2106233138158,7.95869126127598,"ERNEG"
"GSM801861_JB_072310_CELTYP_22EstroRecepNEGTumor1_Glyco_v4_Hs.CEL.gz",9.26858803484372,5.66095702999687,6.25415665765741,5.75147694800471,7.25058715171496,4.15643822589905,11.1806570717511,5.78220221305279,6.25701448154567,7.84621706175698,7.83035781879075,10.0129789101475,11.3486443602318,8.96621972095112,6.11469561250541,11.0418153858704,5.06601148843703,3.59436386550791,8.48400275639347,7.42423093956494,6.73917993806006,6.91088703914628,6.51363872694215,6.19611588167905,6.87999740726057,6.99577364545449,9.1319849568968,7.90536270049007,7.08105733110404,8.37721286838788,6.27413946135469,12.4112569113432,5.10845639880724,6.33474244090162,4.82302663649394,11.5642155820713,3.33072923624341,12.3023896739598,5.22012939200297,7.18116593540284,8.36663005377125,9.61569334943264,6.17290660613759,7.77131796047013,4.14400750574368,5.68470755638823,4.62782673614904,4.78474903734176,5.20118362054451,6.93778174227543,4.52625369710601,4.05267793422196,5.3631687366602,5.06988644175827,5.80514019975682,6.52306168868559,5.8601471927732,6.68108565052299,12.9585199593492,7.41230444096109,4.27733092568817,4.77540068924996,5.29094345308865,4.43093093180508,5.16423353569354,5.93380300114789,9.12967085225508,4.42368183844954,5.07914048353301,4.68727676946479,8.9538240789275,9.16965117760514,5.6384054041662,4.70743300228273,5.66515100966588,5.85282604655595,7.7197032563541,5.34775447676141,8.30209401553445,4.50158018028235,5.81694013551415,10.1395099624616,8.95615075779308,5.50184495897053,9.13590337316393,12.390567223518,6.77166295688229,7.1881819492473,5.95260388688293,4.16341820234008,5.85845172241583,8.06292246903621,4.8803746540348,8.25947655394026,6.5069332303072,6.74236333351281,7.07763701848279,5.43605290938731,4.89504479184614,7.51117819762976,3.20508553690909,5.57946702987381,5.65489629636075,8.1993282083529,5.82974911644158,6.18504201096429,9.18649518070413,4.74249834909096,7.36427504682936,7.908684956776,4.38288662184354,8.18563250562733,8.11697344769698,6.43831168988682,5.35238605970914,11.415341035888,11.2102594531739,4.91862482250967,5.90718370845334,4.59762312860665,6.97014822279018,8.53705224990072,6.13218120997744,5.94566936764523,4.98832691767111,7.86208879141238,"ERNEG"
